id	cryptoclass	emonym	country	construction_type	classifier_lemma	citation_es	source	source_file	source_sheet	source_locator
acu-tristeza-ar-0001	Res Acutae	tristeza	AR	attributive	agudo	una aguda tristeza otoñal	manual	Res Acutae.xlsx	TRISTEZA	F2
acu-tristeza-cl-0001	Res Acutae	tristeza	CL	attributive	agudo	tristeza aguda, decaimiento y desgano principalmente en las mañanas,	manual	Res Acutae.xlsx	TRISTEZA	F4
acu-tristeza-cl-0002	Res Acutae	tristeza	CL	predicative		La tristeza se hizo más aguda en el caso de Andrés Iniesta,	manual	Res Acutae.xlsx	TRISTEZA	G4
acu-tristeza-co-0001	Res Acutae	tristeza	CO	attributive	agudo	l mundo visto a través de aquella tristeza aguda me parecía nítido	manual	Res Acutae.xlsx	TRISTEZA	F5
acu-tristeza-co-0002	Res Acutae	tristeza	CO	attributive	agudo	con ideas de muerte y tristeza aguda	manual	Res Acutae.xlsx	TRISTEZA	F5
acu-tristeza-co-0003	Res Acutae	tristeza	CO	attributive	agudo	cambio de estados de ánimo de manera frecuente o tristeza aguda a raíz de pérdidas o problemas	manual	Res Acutae.xlsx	TRISTEZA	F5
acu-tristeza-es-0001	Res Acutae	tristeza	ES	attributive	agudo	Se reflejaba la aguda tristeza de esta determinación	manual	Res Acutae.xlsx	TRISTEZA	F10
acu-tristeza-mx-0001	Res Acutae	tristeza	MX	attributive	agudo	la incontenible alegría con el' Noa Noa' hasta la tristeza más aguda con' Amor Eterno	manual	Res Acutae.xlsx	TRISTEZA	F13
acu-tristeza-pr-0001	Res Acutae	tristeza	PR	verbal-subject-transitive		Pero ya es una rutina. Cuando son periodos largos, pica la tristeza. #	manual	Res Acutae.xlsx	TRISTEZA	B17
acu-tristeza-pr-0002	Res Acutae	tristeza	PR	attributive	agudo	le den sentido a tristezas agudas en caso de pérdidas	manual	Res Acutae.xlsx	TRISTEZA	F17
acu-tristeza-us-0001	Res Acutae	tristeza	US	attributive	agudo	! # La observó con aguda tristeza.	manual	Res Acutae.xlsx	TRISTEZA	F22
con-tristeza-ar-0001	Res Continens	tristeza	AR	verbal-objective	tapar	no fue suficiente para tapar la tristeza que sentía	manual	RES CONTINENS.xlsx	TRISTEZA	B4
con-tristeza-ar-0002	Res Continens	tristeza	AR	verbal-objective	tapar	A tapar la tristeza Tras la eliminación copera	manual	RES CONTINENS.xlsx	TRISTEZA	B4
con-tristeza-ar-0003	Res Continens	tristeza	AR	verbal-objective	tapar	A tapar la tristeza # Los hinchas de Boca festejaron	manual	RES CONTINENS.xlsx	TRISTEZA	B4
con-tristeza-ar-0004	Res Continens	tristeza	AR	verbal-objective	tapar	No demostraba tristeza o la tapaba hablando	manual	RES CONTINENS.xlsx	TRISTEZA	B4
con-tristeza-ar-0005	Res Continens	tristeza	AR	verbal-objective	tapar	Todo sirve para tapar la tristeza.	manual	RES CONTINENS.xlsx	TRISTEZA	B4
con-tristeza-ar-0006	Res Continens	tristeza	AR	verbal-subject-intransitive		No se tapa la felicidad ni el dolorno se tapa la tristeza,	manual	RES CONTINENS.xlsx	TRISTEZA	C4
con-tristeza-ar-0007	Res Continens	tristeza	AR	verbal-locative-state	estar en	alguien está en la tristeza profunda, en el rencor permanente,	manual	RES CONTINENS.xlsx	TRISTEZA	D4
con-tristeza-ar-0008	Res Continens	tristeza	AR	verbal-locative-state	estar en	estoy en profunda tristeza y sorpresa de presenciar la belleza de Notre-Dame	manual	RES CONTINENS.xlsx	TRISTEZA	D4
con-tristeza-ar-0009	Res Continens	tristeza	AR	verbal-locative-state	estar en	quiero decir les que en ese dolor y en esa tristeza estamos juntos. Nos une un solo destino,	manual	RES CONTINENS.xlsx	TRISTEZA	D4
con-tristeza-ar-0010	Res Continens	tristeza	AR	verbal-locative-state	estar en	En esta tristeza está la certeza de que esta es la mejor decisión	manual	RES CONTINENS.xlsx	TRISTEZA	D4
con-tristeza-ar-0012	Res Continens	tristeza	AR	verbal-locative-out	sacar de	...amigo Omar Cruz sin preguntar se lanzó a mi casa a sacar me de la tristeza de haber perdido a mi madre unas semanas antes... 2. ...por ejemplo te trasmite alegría, puede tratar a alguien y sacar lo de la tristeza. 3. Tenemos un equipo que va a sacar a Orán de esta tristeza y la única forma de recuperar nos es con diálogo... 4. ...porque quiero estar desde este sitio contemplando este espectáculo que me saca de la tristeza que he vivido en estos días... 5. Nos dimos cuenta que tocar nos sacaba de la tristeza", recuerda. 6. ...de tener la cabeza ocupada no alcanzó para distraer la y sacar la de su tristeza.	manual	RES CONTINENS.xlsx	TRISTEZA	E4
con-tristeza-ar-0013	Res Continens	tristeza	AR	verbal-locative-into	caer en	El leonino acaba cayendo en la tristeza cuando tiene que enfrentar se a una realidad difícil	manual	RES CONTINENS.xlsx	TRISTEZA	F4
con-tristeza-ar-0014	Res Continens	tristeza	AR	verbal-locative-into	caer en	No caigan en tristezas o desgano	manual	RES CONTINENS.xlsx	TRISTEZA	F4
con-tristeza-ar-0015	Res Continens	tristeza	AR	verbal-locative-into	caer en	os colorados aguantan mejor los ataques de la garrapata sin caer en la tristeza bovina	manual	RES CONTINENS.xlsx	TRISTEZA	F4
con-tristeza-ar-0016	Res Continens	tristeza	AR	verbal-locative-into	caer en	Cayó en una tristeza insuperable	manual	RES CONTINENS.xlsx	TRISTEZA	F4
con-tristeza-ar-0017	Res Continens	tristeza	AR	verbal-locative-into	caer en	ecemos ex alumnos y ex alumnas para no caer en la gran tristeza de la vida	manual	RES CONTINENS.xlsx	TRISTEZA	F4
con-tristeza-ar-0018	Res Continens	tristeza	AR	verbal-locative-into	caer en	Más que caer en tristezas, es hora de encontrarse con ustedes misma	manual	RES CONTINENS.xlsx	TRISTEZA	F4
con-tristeza-ar-0019	Res Continens	tristeza	AR	verbal-locative-into	caer en	me fue quitando todo el gusto a la oración, y cayendo en una tristeza.	manual	RES CONTINENS.xlsx	TRISTEZA	F4
con-tristeza-ar-0020	Res Continens	tristeza	AR	verbal-locative-into	caer en	la forma de no caer en la tristeza y el dolor.	manual	RES CONTINENS.xlsx	TRISTEZA	F4
con-tristeza-ar-0021	Res Continens	tristeza	AR	verbal-locative-into	caer en	Carter cayó en la tristeza a el ver que en su rostro aparecían las primeras manchas de vitiligo	manual	RES CONTINENS.xlsx	TRISTEZA	F4
con-tristeza-ar-0022	Res Continens	tristeza	AR	verbal-locative-into	caer en	cómo vives sin caer en la tristeza?	manual	RES CONTINENS.xlsx	TRISTEZA	F4
con-tristeza-ar-0023	Res Continens	tristeza	AR	verbal-locative-into	caer en	Lejos de caer en la tristeza nuevamente, la modelo se renueva sábado	manual	RES CONTINENS.xlsx	TRISTEZA	F4
con-tristeza-ar-0024	Res Continens	tristeza	AR	verbal-locative-into	caer en	Asimismo llamó a no caer en la tristeza de cara a la Navidad,	manual	RES CONTINENS.xlsx	TRISTEZA	F4
con-tristeza-ar-0025	Res Continens	tristeza	AR	attributive	lleno de	una tristeza llena de resentimiento.	manual	RES CONTINENS.xlsx	TRISTEZA	G4
con-tristeza-ar-0026	Res Continens	tristeza	AR	predicative		La voluntad, elige personajes desencantados, marcados por una tristeza llena de resentimiento.	manual	RES CONTINENS.xlsx	TRISTEZA	H4
con-tristeza-bo-0001	Res Continens	tristeza	BO	verbal-objective	tapar	Manifestó que el MAS busca tapar la " tristeza y la catástrofe nacional	manual	RES CONTINENS.xlsx	TRISTEZA	B5
con-tristeza-bo-0003	Res Continens	tristeza	BO	verbal-locative-state	encontrarse en	Me encuentro en la tristeza y me siento a gusto porque es ahí donde encuentro respuestas	manual	RES CONTINENS.xlsx	TRISTEZA	D5
con-tristeza-bo-0004	Res Continens	tristeza	BO	verbal-locative-out	sacar de	sacar  e lanzó a mi casa a sacar me de la tristeza de haber perdido a mi madre unas semanas antes y se inventó esta sesión de 2. Max con una sonrisa que le provocó este hecho y que lo sacó de su tristeza.	manual	RES CONTINENS.xlsx	TRISTEZA	E5
con-tristeza-bo-0005	Res Continens	tristeza	BO	verbal-locative-into	caer en	no aceptando la resignación que, según dicen, lo haría caer en tristeza, abatimiento o melancolía	manual	RES CONTINENS.xlsx	TRISTEZA	F5
con-tristeza-bo-0006	Res Continens	tristeza	BO	verbal-locative-into	caer en	se hogar va cayendo en la tristeza y el pesimismo,	manual	RES CONTINENS.xlsx	TRISTEZA	F5
con-tristeza-cl-0001	Res Continens	tristeza	CL	verbal-locative-state	vivir en	decidió vivir en la tristeza y renunciar a la acción política	manual	RES CONTINENS.xlsx	TRISTEZA	D6
con-tristeza-cl-0002	Res Continens	tristeza	CL	verbal-locative-state	vivir en	decidió vivir en la tristeza	manual	RES CONTINENS.xlsx	TRISTEZA	D6
con-tristeza-cl-0004	Res Continens	tristeza	CL	verbal-locative-out	sacar de	Su presencia se caracteriza por sacar nos de la tristeza y desesperanza. 2. Tal vez la amena conversación de don Lucho sacaba de la tristeza de tango que muchas veces exhibía Prat Carvajal. 3. Un footballer profesional, capaz de sacar de " la tristeza " a el Barça y llevar lo a la gloria.	manual	RES CONTINENS.xlsx	TRISTEZA	E6
con-tristeza-cl-0005	Res Continens	tristeza	CL	verbal-locative-into	caer en	Trato de no caer en la tristeza y la desesperanza	manual	RES CONTINENS.xlsx	TRISTEZA	F6
con-tristeza-cl-0006	Res Continens	tristeza	CL	verbal-locative-into	caer en	. # " Cuando se superan los límites de el deporte se cae en la tristeza más absoluta	manual	RES CONTINENS.xlsx	TRISTEZA	F6
con-tristeza-cl-0007	Res Continens	tristeza	CL	verbal-locative-into	caer en	tienen que manejar sus afectos para no caer en tristezas que los logren deprimir,	manual	RES CONTINENS.xlsx	TRISTEZA	F6
con-tristeza-co-0001	Res Continens	tristeza	CO	verbal-objective	tapar	entre villancicos y músicas festivas que tapan tristezas;	manual	RES CONTINENS.xlsx	TRISTEZA	B7
con-tristeza-co-0002	Res Continens	tristeza	CO	verbal-locative-state	dentro de	sería un triunfo bien especial, una alegría dentro de la tristeza que se está viviendo allá	manual	RES CONTINENS.xlsx	TRISTEZA	D7
con-tristeza-co-0003	Res Continens	tristeza	CO	verbal-locative-state	estar en	varias familias perdieron todo lo que tenían, están en la tristeza absoluta y en la incertidumbre "	manual	RES CONTINENS.xlsx	TRISTEZA	D7
con-tristeza-co-0004	Res Continens	tristeza	CO	verbal-locative-state	vivir en	nos permite vivir impotentes en la tristeza	manual	RES CONTINENS.xlsx	TRISTEZA	D7
con-tristeza-co-0005	Res Continens	tristeza	CO	verbal-locative-state	vivir en	refería morir, a vivir en tremenda tristeza	manual	RES CONTINENS.xlsx	TRISTEZA	D7
con-tristeza-co-0006	Res Continens	tristeza	CO	verbal-locative-out	sacar de	sacar sonrisa, esa con la que las sacaba de sus tristezas cuando las cosas en el partido no iban bien... 2. La idea la tuvo Mónika Santiazábal cuando se enfrentó el reto de sacar de la tristeza a un entrañable amigo que había perdido la visión. 3. ...Germán le mandó un message, pero nada lo sacó de su tristeza. 4. ...devolver creyendo que aquello que les causó placer o los sacó de un momento de tristeza, les sacó una sonrisa... 5. ...ese momento y el sabor de el café colombiano que seguramente los sacará de la tristeza. 6. ...recibir la peor de las noticias o en hacer algo que sacara de esa infinita tristeza a su hijo	manual	RES CONTINENS.xlsx	TRISTEZA	E7
con-tristeza-co-0007	Res Continens	tristeza	CO	verbal-locative-into	caer en	Ella cae en una tristeza muy grande y no podía más con su situación	manual	RES CONTINENS.xlsx	TRISTEZA	F7
con-tristeza-co-0008	Res Continens	tristeza	CO	verbal-locative-into	caer en	Yo caí en una profunda tristeza porque todos los días tenía que tomar pastillas	manual	RES CONTINENS.xlsx	TRISTEZA	F7
con-tristeza-co-0009	Res Continens	tristeza	CO	verbal-locative-into	caer en	a persona está tranquila y, luego, vuelve a caer en la tristeza.	manual	RES CONTINENS.xlsx	TRISTEZA	F7
con-tristeza-co-0010	Res Continens	tristeza	CO	verbal-locative-into		por un gol de Junior, volvieron a caer a la tristeza	manual	RES CONTINENS.xlsx	TRISTEZA	F7
con-tristeza-co-0011	Res Continens	tristeza	CO	verbal-locative-into	caer en	mbiente social y el familiar influyen en que un menor de edad caiga en suma tristeza	manual	RES CONTINENS.xlsx	TRISTEZA	F7
con-tristeza-co-0012	Res Continens	tristeza	CO	attributive	lleno de	El estado actual da tristeza llena de maleza y de escombro	manual	RES CONTINENS.xlsx	TRISTEZA	G7
con-tristeza-cu-0001	Res Continens	tristeza	CU	verbal-locative-state	estar en	En la tristeza están los recuerdos./ La obra de Dios tiene sus término	manual	RES CONTINENS.xlsx	TRISTEZA	D9
con-tristeza-cu-0002	Res Continens	tristeza	CU	verbal-locative-out	sacar de	sacar Solo el empuje de su progenitora, Marisela, pudo sacar la de aquella tristeza que le empantanaba la existencia. 2. ...a Julián, asumido por Manuel Porto, quien me saca un poco de la tristeza,	manual	RES CONTINENS.xlsx	TRISTEZA	E9
con-tristeza-do-0001	Res Continens	tristeza	DO	verbal-locative-out	sacar de	sacar ha dado las gracias por " coger me la mano y sacar me de esa tristeza	manual	RES CONTINENS.xlsx	TRISTEZA	E10
con-tristeza-do-0002	Res Continens	tristeza	DO	verbal-locative-into	caer en	El judaismo explica que una persona herida por otra, puede caer en la tristeza,	manual	RES CONTINENS.xlsx	TRISTEZA	F10
con-tristeza-do-0003	Res Continens	tristeza	DO	verbal-locative-into	caer en	llamó a no caer en la tristeza de cara a la Navidad,	manual	RES CONTINENS.xlsx	TRISTEZA	F10
con-tristeza-es-0001	Res Continens	tristeza	ES	verbal-locative-state	estar en	la alegría es mayor, aunque estemos en la tristeza	manual	RES CONTINENS.xlsx	TRISTEZA	D12
con-tristeza-es-0002	Res Continens	tristeza	ES	verbal-locative-state	vivir en	ni que pretendamos vivir en la tristeza,	manual	RES CONTINENS.xlsx	TRISTEZA	D12
con-tristeza-es-0003	Res Continens	tristeza	ES	verbal-locative-state	vivir en	escoger " el vivir y sentir " antes que " vivir en la tristeza	manual	RES CONTINENS.xlsx	TRISTEZA	D12
con-tristeza-es-0005	Res Continens	tristeza	ES	verbal-locative-state	encontrarse en	Alguien que encontraba en la tristeza y la melancolía un refugio a las dolencias de su alma	manual	RES CONTINENS.xlsx	TRISTEZA	D12
con-tristeza-es-0006	Res Continens	tristeza	ES	verbal-locative-out	sacar de	sacar me saca mucho de la tristeza buscar en papeles viejos ". 2. ...algunas de las ideas pensadas para el proyecto, que pretende " sacar de esa tristeza en la que está sumida Ferrol Vello ", indica el artista de Canido. 3. ...personaje que interpretó en las películas Hugh Grant), lucha por sacar de la tristeza a Bridget Jones,	manual	RES CONTINENS.xlsx	TRISTEZA	E12
con-tristeza-es-0007	Res Continens	tristeza	ES	verbal-locative-into	caer en	Las actrices y cantantes Carmen Conesa y Lydia Fairén caen en la tristeza cuando se meten en la piel de Morticia y Miércoles	manual	RES CONTINENS.xlsx	TRISTEZA	F12
con-tristeza-es-0008	Res Continens	tristeza	ES	verbal-locative-into	caer en	ejos de dejarse caer en la tristeza, ha plantado cara a la adversidad	manual	RES CONTINENS.xlsx	TRISTEZA	F12
con-tristeza-es-0009	Res Continens	tristeza	ES	verbal-locative-into	caer en	Estos libros siempre subrayan que caemos en tristeza porque dejamos de querer nos y no tenemos autoestim	manual	RES CONTINENS.xlsx	TRISTEZA	F12
con-tristeza-es-0010	Res Continens	tristeza	ES	verbal-locative-into	caer en	Su novia, Ana Fernández, cayó en una enorme tristeza, que después de dos años parece que ha superad	manual	RES CONTINENS.xlsx	TRISTEZA	F12
con-tristeza-es-0011	Res Continens	tristeza	ES	verbal-locative-into	caer en	cayó en una profunda tristeza. Marita conoció a el comandante	manual	RES CONTINENS.xlsx	TRISTEZA	F12
con-tristeza-es-0012	Res Continens	tristeza	ES	verbal-locative-into	caer en	No debemos caer en la tristeza ni en la añoranza	manual	RES CONTINENS.xlsx	TRISTEZA	F12
con-tristeza-es-0013	Res Continens	tristeza	ES	verbal-locative-into	caer en	el montaje no cae en la tristeza ni en los sentimientos de culpa	manual	RES CONTINENS.xlsx	TRISTEZA	F12
con-tristeza-es-0014	Res Continens	tristeza	ES	verbal-locative-into		se cae de tristeza y, dos, porque el Ayuntamiento capitalino lo ha adquirido	manual	RES CONTINENS.xlsx	TRISTEZA	F12
con-tristeza-es-0015	Res Continens	tristeza	ES	verbal-locative-into	caer en	#puedo entrenar a mi cerebro para no caer en la tristeza	manual	RES CONTINENS.xlsx	TRISTEZA	F12
con-tristeza-es-0016	Res Continens	tristeza	ES	verbal-locative-into	caer en	No quiero caer en la tristeza ni en el resentimiento.	manual	RES CONTINENS.xlsx	TRISTEZA	F12
con-tristeza-es-0017	Res Continens	tristeza	ES	verbal-locative-into	caer en	la hizo caer en una profunda tristeza,	manual	RES CONTINENS.xlsx	TRISTEZA	F12
con-tristeza-es-0018	Res Continens	tristeza	ES	verbal-locative-into	caer en	Guerra Mundial le hicieron que cayera en una profunda tristeza	manual	RES CONTINENS.xlsx	TRISTEZA	F12
con-tristeza-es-0019	Res Continens	tristeza	ES	verbal-locative-into	caer en	hablar más de el tema para no caer en la tristeza otra vez	manual	RES CONTINENS.xlsx	TRISTEZA	F12
con-tristeza-gt-0001	Res Continens	tristeza	GT	verbal-locative-out	sacar de	sacar se fue a mi casa a sacar me de la tristeza de haber perdido a mi madre	manual	RES CONTINENS.xlsx	TRISTEZA	E13
con-tristeza-mx-0001	Res Continens	tristeza	MX	verbal-locative-state	estar en	en la tristeza estaba la fuerza acre como el humo que podía mantener a la locura	manual	RES CONTINENS.xlsx	TRISTEZA	D15
con-tristeza-mx-0002	Res Continens	tristeza	MX	verbal-locative-state	estar en	, cuando están en la tristeza, el cariño de el público sería la mayor retribución	manual	RES CONTINENS.xlsx	TRISTEZA	D15
con-tristeza-mx-0003	Res Continens	tristeza	MX	verbal-locative-state	estar en	En el enojo está seco; fuego y tierra. En la tristeza está húmedo; aire y agua. En la alegría está caliente	manual	RES CONTINENS.xlsx	TRISTEZA	D15
con-tristeza-mx-0004	Res Continens	tristeza	MX	verbal-locative-out	sacar de	sacar se lanzó a mi casa a sacar me de la tristeza de haber perdido a mi madre unas semanas antes y se inventó esta sesión de 2. # Memo y Carlos —sus mejores amigos — están dispuestos a sacar lo de su tristeza. 3. el zoológico de Arnhem, fue lo suficientemente profundo como para sacar la de su tristeza. 4. Urge sacar los de su tristeza, abrazar los, y hacer les sentir que otro mundo más justo es posible 5. Bridget' y ahora padrino de sus dos hijos, lucha por sacar de la tristeza a este personaje,	manual	RES CONTINENS.xlsx	TRISTEZA	E15
con-tristeza-mx-0005	Res Continens	tristeza	MX	verbal-locative-into	caer en	obviamente cómo no vas a caer en una tristeza profunda	manual	RES CONTINENS.xlsx	TRISTEZA	F15
con-tristeza-mx-0006	Res Continens	tristeza	MX	verbal-locative-into	caer en	a raíz de esta pérdida cae en tristeza, remordimientos y desesperación	manual	RES CONTINENS.xlsx	TRISTEZA	F15
con-tristeza-mx-0007	Res Continens	tristeza	MX	verbal-locative-into	caer en	Muchos caímos en tristeza pensando que ese sería el fin de la historia	manual	RES CONTINENS.xlsx	TRISTEZA	F15
con-tristeza-mx-0008	Res Continens	tristeza	MX	verbal-locative-into	caer en	La idea es abordar el tema sin caer en la tristeza o la parte mala,	manual	RES CONTINENS.xlsx	TRISTEZA	F15
con-tristeza-mx-0009	Res Continens	tristeza	MX	verbal-locative-into	caer en	cho que lo hizo caer en una profunda tristez	manual	RES CONTINENS.xlsx	TRISTEZA	F15
con-tristeza-mx-0010	Res Continens	tristeza	MX	verbal-locative-into	caer en	para evitar la neurosis y no caer en la tristeza que es la peor enfermedad de el alma	manual	RES CONTINENS.xlsx	TRISTEZA	F15
con-tristeza-mx-0011	Res Continens	tristeza	MX	verbal-locative-into		7( me fue cayendo mucha tristeza	manual	RES CONTINENS.xlsx	TRISTEZA	F15
con-tristeza-mx-0012	Res Continens	tristeza	MX	verbal-locative-into	caer en	llevados a alguna estancia caen en la tristeza y depresión.	manual	RES CONTINENS.xlsx	TRISTEZA	F15
con-tristeza-mx-0013	Res Continens	tristeza	MX	verbal-locative-into	caer en	a medida en que los apetecen, caen en tristeza.	manual	RES CONTINENS.xlsx	TRISTEZA	F15
con-tristeza-mx-0014	Res Continens	tristeza	MX	verbal-locative-into	caer en	, la noticia los hizo caer en una tristeza desgarradora	manual	RES CONTINENS.xlsx	TRISTEZA	F15
con-tristeza-mx-0015	Res Continens	tristeza	MX	verbal-locative-into	caer en	así no caer en la tristeza, la desesperación o la angustia	manual	RES CONTINENS.xlsx	TRISTEZA	F15
con-tristeza-ni-0001	Res Continens	tristeza	NI	verbal-locative-state	estar en	en la tristeza están la mayoría de herramientas que necesitamos para salir adelante	manual	RES CONTINENS.xlsx	TRISTEZA	D16
con-tristeza-ni-0002	Res Continens	tristeza	NI	verbal-locative-out	sacar de	sacar el zoológico de Arnhem, fue lo suficientemente profundo como para sacar la de su tristeza	manual	RES CONTINENS.xlsx	TRISTEZA	E16
con-tristeza-pa-0001	Res Continens	tristeza	PA	verbal-locative-state	dentro de	una alegría dentro de la tristeza que se está viviendo allá, sería algo chévere	manual	RES CONTINENS.xlsx	TRISTEZA	D17
con-tristeza-pe-0001	Res Continens	tristeza	PE	verbal-locative-state	vivir en	Sabemos de sobra cómo es vivir en la tristeza:	manual	RES CONTINENS.xlsx	TRISTEZA	D18
con-tristeza-pe-0002	Res Continens	tristeza	PE	verbal-locative-state	vivir en	obligadas a vivir en una profunda tristeza "	manual	RES CONTINENS.xlsx	TRISTEZA	D18
con-tristeza-pe-0003	Res Continens	tristeza	PE	verbal-locative-out	sacar de	sacarse lanzó a mi casa a sacar me de la tristeza de haber perdido a mi madre unas semanas antes, y se inventó esta sesión 2. de Bridget y ahora padrino de sus dos hijos, lucha por sacar de la tristeza a Bridget Jones, el personaje interpretado en el cine por la actriz Renee Zellweger 3. , Mayra, Gabriel y Julio) deciden ayudar la y sacar la de la tristeza. 4. de María, su nieta, que hace todo lo posible por sacar la de tristeza en la que está sumida.	manual	RES CONTINENS.xlsx	TRISTEZA	E18
con-tristeza-pe-0004	Res Continens	tristeza	PE	verbal-locative-into	caer en	rutes a el máximo y no caigas en la tristeza o sentimientos negativos,	manual	RES CONTINENS.xlsx	TRISTEZA	F18
con-tristeza-pe-0005	Res Continens	tristeza	PE	verbal-locative-into	caer en	la fondista cayó en una feroz tristeza,	manual	RES CONTINENS.xlsx	TRISTEZA	F18
con-tristeza-pe-0006	Res Continens	tristeza	PE	verbal-locative-into	caer en	. En lugar de caer en la tristeza y llorar a mares, decide sacar provecho	manual	RES CONTINENS.xlsx	TRISTEZA	F18
con-tristeza-pe-0007	Res Continens	tristeza	PE	verbal-locative-into	caer en	mostrar una sonrisa y de no caer en la tristeza para no contagiar	manual	RES CONTINENS.xlsx	TRISTEZA	F18
con-tristeza-pe-0008	Res Continens	tristeza	PE	verbal-locative-into	caer en	y seguir adelante y no caer en la tristez	manual	RES CONTINENS.xlsx	TRISTEZA	F18
con-tristeza-pe-0009	Res Continens	tristeza	PE	verbal-locative-into	caer en	el gozo de no caer en la tristeza, en el resentimiento, en los celos y en la envidia	manual	RES CONTINENS.xlsx	TRISTEZA	F18
con-tristeza-pr-0001	Res Continens	tristeza	PR	verbal-locative-out	sacar de	sacar Para sacar lo de su tristeza, Alicia lo pone frente a el espejo	manual	RES CONTINENS.xlsx	TRISTEZA	E19
con-tristeza-py-0001	Res Continens	tristeza	PY	verbal-locative-into	caer en	difícil manejar las emociones sin caer en una profunda tristeza,	manual	RES CONTINENS.xlsx	TRISTEZA	F20
con-tristeza-py-0002	Res Continens	tristeza	PY	verbal-locative-into	caer en	amó a no caer en la tristeza de cara a la Navidad,	manual	RES CONTINENS.xlsx	TRISTEZA	F20
con-tristeza-sv-0001	Res Continens	tristeza	SV	verbal-locative-out	sacar de	sacaresta felicidad " impuesta " por el' Blue Monday' nos saca de la tristeza.	manual	RES CONTINENS.xlsx	TRISTEZA	E21
con-tristeza-us-0001	Res Continens	tristeza	US	verbal-locative-state	estar en	en la tristeza están la mayoría de herramientas que necesitamos	manual	RES CONTINENS.xlsx	TRISTEZA	D24
con-tristeza-us-0002	Res Continens	tristeza	US	verbal-locative-state	vivir en	uno tiene la elección de vivir miserablemente en la tristeza o en el lado de el positivismo	manual	RES CONTINENS.xlsx	TRISTEZA	D24
con-tristeza-us-0003	Res Continens	tristeza	US	verbal-locative-out	sacar de	sacar e lanzó a mi casa a sacar me de la tristeza de haber perdido a mi madre unas semanas antes y se inventó esta sesión de 2. Urge sacar los de su tristeza, abrazar los, y hacer les sentir que otro mundo más justo esposible, 3. detectado cáncer de mama y solo las canciones de Perales lograban sacar la de la tristeza. 4. Ellos fueron los encargados de sacar la de la tristeza en la que se encontraba.	manual	RES CONTINENS.xlsx	TRISTEZA	E24
con-tristeza-us-0005	Res Continens	tristeza	US	verbal-locative-into	caer en	fe vacila cuando se cae en la tristeza y el desanimo	manual	RES CONTINENS.xlsx	TRISTEZA	F24
con-tristeza-us-0006	Res Continens	tristeza	US	verbal-locative-into	caer en	te cómo no vas a caer en una tristeza profunda	manual	RES CONTINENS.xlsx	TRISTEZA	F24
con-tristeza-us-0007	Res Continens	tristeza	US	verbal-locative-into	caer en	Para no caer en la tristeza y la sensación de abandono,	manual	RES CONTINENS.xlsx	TRISTEZA	F24
con-tristeza-us-0008	Res Continens	tristeza	US	verbal-locative-into	caer en	popular mujer ha comenzado a caer en la tristeza.	manual	RES CONTINENS.xlsx	TRISTEZA	F24
con-tristeza-us-0009	Res Continens	tristeza	US	verbal-locative-into	caer en	ciudadano permitirá que las fiestas caigan en la tristeza y agonía por cuenta de los corruptos.	manual	RES CONTINENS.xlsx	TRISTEZA	F24
con-tristeza-us-0010	Res Continens	tristeza	US	verbal-locative-into	caer en	e padece epilepsia y autismo, cayó en una profunda tristeza,	manual	RES CONTINENS.xlsx	TRISTEZA	F24
con-tristeza-us-0011	Res Continens	tristeza	US	verbal-locative-into	caer en	Salir de la rutina y no caer en la tristeza.	manual	RES CONTINENS.xlsx	TRISTEZA	F24
con-tristeza-uy-0001	Res Continens	tristeza	UY	verbal-objective	tapar	La alegría de los que van a el Mundial no tapa la tristeza de los que quedan afuera.	manual	RES CONTINENS.xlsx	TRISTEZA	B22
con-tristeza-uy-0002	Res Continens	tristeza	UY	verbal-locative-state	vivir en	fectadas por la catástrofe, obligadas a vivir en una profunda tristeza "	manual	RES CONTINENS.xlsx	TRISTEZA	D22
con-tristeza-uy-0003	Res Continens	tristeza	UY	verbal-locative-into	caer en	cayó en una profunda tristeza tras perder a su madre.	manual	RES CONTINENS.xlsx	TRISTEZA	F22
con-tristeza-ve-0001	Res Continens	tristeza	VE	verbal-locative-state	estar en	como estaba en la tristeza tras la sorpresiva e infausta muerte de mi Eduardo	manual	RES CONTINENS.xlsx	TRISTEZA	D23
con-tristeza-ve-0002	Res Continens	tristeza	VE	verbal-locative-state	vivir en	. Vivir en una perenne tristeza y desasosiego no es vida.	manual	RES CONTINENS.xlsx	TRISTEZA	D23
con-tristeza-ve-0003	Res Continens	tristeza	VE	verbal-locative-out	sacar de	sacar en comunidades que han sido golpeadas por la violencia, podamos sacar jóvenes de esa tristeza	manual	RES CONTINENS.xlsx	TRISTEZA	E23
con-tristeza-ve-0004	Res Continens	tristeza	VE	verbal-locative-into	caer en	nos atenazan una y otra vez hasta caer en la tristeza	manual	RES CONTINENS.xlsx	TRISTEZA	F23
con-tristeza-ve-0005	Res Continens	tristeza	VE	verbal-locative-into	caer en	lo que hace que caigamos en la tristeza o la depresió	manual	RES CONTINENS.xlsx	TRISTEZA	F23
con-tristeza-ve-0006	Res Continens	tristeza	VE	verbal-locative-into	caer en	ás cotidianamente posible teniendo cuidado de no caer en tristezas o depresiones que pudieran afectar tu desempeño	manual	RES CONTINENS.xlsx	TRISTEZA	F23
con-tristeza-ve-0007	Res Continens	tristeza	VE	verbal-locative-into	caer en	se sienten muy solos, cayendo en profundas tristezas y depresiones	manual	RES CONTINENS.xlsx	TRISTEZA	F23
con-tristeza-ve-0008	Res Continens	tristeza	VE	verbal-locative-into	caer en	su padre cayó en una profunda tristeza luego de que su esposa emigrara del país hasta Panamá.	manual	RES CONTINENS.xlsx	TRISTEZA	F23
con-tristeza-ve-0009	Res Continens	tristeza	VE	verbal-locative-into	caer en	proteger nos, frustrar nos, caer en tristeza o incluso depresión	manual	RES CONTINENS.xlsx	TRISTEZA	F23
con-tristeza-ve-0010	Res Continens	tristeza	VE	verbal-locative-into	caer en	La oposición cayó en una gran tristeza, entró en un estrés traumático postelectoral	manual	RES CONTINENS.xlsx	TRISTEZA	F23
fil-tristeza-ar-0001	Res Filiformes	tristeza	AR	verbal-objective	desatar	el motivo que desató una profunda tristeza en la diva	manual	Res Filiformes.xlsx	tristeza	B2
fil-tristeza-ar-0002	Res Filiformes	tristeza	AR	verbal-objective	desatar	un triunfo que estire los festejos de un lado y desate la tristeza de el otro	manual	Res Filiformes.xlsx	tristeza	B2
fil-tristeza-ar-0003	Res Filiformes	tristeza	AR	verbal-objective	desatar	no salieron como esperaban, lo que desató la inmensa tristeza de el infant	manual	Res Filiformes.xlsx	tristeza	B2
fil-tristeza-ar-0004	Res Filiformes	tristeza	AR	verbal-objective	desatar	uestros atletas desataron su ira y tristeza.	manual	Res Filiformes.xlsx	tristeza	B2
fil-tristeza-ar-0005	Res Filiformes	tristeza	AR	verbal-objective	desatar	la morocha declaró que no son amigas y desató la tristeza de su compañera.	manual	Res Filiformes.xlsx	tristeza	B2
fil-tristeza-ar-0007	Res Filiformes	tristeza	AR	verbal-subject-intransitive	desatarse	lluvia ha provocado que en mi se desatara la tristeza, me puse mal	manual	Res Filiformes.xlsx	tristeza	C2
fil-tristeza-cl-0001	Res Filiformes	tristeza	CL	verbal-objective	desatar	El brasileño no lo pensó dos veces y cruzó un tremendo zurdazo, desatando la tristeza en todo el estadio holandés.	manual	Res Filiformes.xlsx	tristeza	B4
fil-tristeza-cl-0002	Res Filiformes	tristeza	CL	verbal-objective	desatar	le contó que está profundamente enamorado de Bárbara, desatando su tristeza y molestia	manual	Res Filiformes.xlsx	tristeza	B4
fil-tristeza-cl-0003	Res Filiformes	tristeza	CL	verbal-objective	desatar	lo que desató la tristeza de los seguidores de la producción de Meg	manual	Res Filiformes.xlsx	tristeza	B4
fil-tristeza-cl-0004	Res Filiformes	tristeza	CL	verbal-objective	desatar	Armada de Argentina realizó un nuevo reporte de las labores de búsqueda, desatando la tristeza de los familiares de los 44 tripulantes	manual	Res Filiformes.xlsx	tristeza	B4
fil-tristeza-cl-0005	Res Filiformes	tristeza	CL	verbal-objective	desatar	lo que mueve las guerras, desata pasiones y tristezas.	manual	Res Filiformes.xlsx	tristeza	B4
fil-tristeza-cl-0006	Res Filiformes	tristeza	CL	verbal-objective	desatar	triunfo de' La Roja' en la final de Copa América Centenario desató la tristeza e indignación a el otro lado de la cordillera	manual	Res Filiformes.xlsx	tristeza	B4
fil-tristeza-co-0001	Res Filiformes	tristeza	CO	verbal-objective	desatar	una macabra revelación desató la tristeza	manual	Res Filiformes.xlsx	tristeza	B5
fil-tristeza-co-0002	Res Filiformes	tristeza	CO	verbal-objective	desatar	vi a las típicas promesas de siempre, las mismas excusas, y más que tristeza me desató una profunda sensación de rabia	manual	Res Filiformes.xlsx	tristeza	B5
fil-tristeza-co-0003	Res Filiformes	tristeza	CO	verbal-objective	desatar	El grado de brutalidad con el que se han ejecutado homicidios de varios niños desata furia y tristeza	manual	Res Filiformes.xlsx	tristeza	B5
fil-tristeza-co-0004	Res Filiformes	tristeza	CO	verbal-objective	entrelazar	El ambiente musical que se entrelaza con la tristeza en un sector de el Cementerio Calancal	manual	Res Filiformes.xlsx	tristeza	B5
fil-tristeza-co-0005	Res Filiformes	tristeza	CO	verbal-subject-intransitive	desatarse	se desataron momentos de tristeza, dolor e incertidumbre entre los familiares.	manual	Res Filiformes.xlsx	tristeza	C5
fil-tristeza-co-0006	Res Filiformes	tristeza	CO	verbal-subject-intransitive	desatarse	se desató una tristeza incontrolable en el equipo' hormiguero	manual	Res Filiformes.xlsx	tristeza	C5
fil-tristeza-co-0007	Res Filiformes	tristeza	CO	substantive	hilo de	Has dejado hilos de tristeza, alegrías, sueños y esperanzas esparcidas entre las nube	manual	Res Filiformes.xlsx	tristeza	G5
fil-tristeza-cu-0001	Res Filiformes	tristeza	CU	verbal-objective	desatar	la diferencia de puntos esfumó sus opciones y desató una gran tristeza en el habanero coliseo de la Ciudad Deportiva	manual	Res Filiformes.xlsx	tristeza	B7
fil-tristeza-es-0001	Res Filiformes	tristeza	ES	verbal-objective	desatar	La muerte de la actriz, acontecida el 20 de agosto, desató la tristeza entre sus allegados; cuál es la pérdida que desata la tristeza y rabia de Rey	manual	Res Filiformes.xlsx	tristeza	B10
fil-tristeza-es-0002	Res Filiformes	tristeza	ES	verbal-subject-intransitive	desatarse	DESATAR 1  (el misterio y la tristeza se desataron cuando, junto a su mujer	manual	Res Filiformes.xlsx	tristeza	C10
fil-tristeza-es-0003	Res Filiformes	tristeza	ES	verbal-subject-intransitive	tejerse	tragedia, la comedia, la dignidad y la tristeza se entrelazan en el tejido de la vida	manual	Res Filiformes.xlsx	tristeza	C10
fil-tristeza-es-0004	Res Filiformes	tristeza	ES	substantive	hilo de	entrar en vibración sus líricas cuerdas hechas con hilos de tristeza.	manual	Res Filiformes.xlsx	tristeza	G10
fil-tristeza-es-0005	Res Filiformes	tristeza	ES	substantive	hilo de	, dejando entrever un hilo de tristeza en sus medidas declaraciones.	manual	Res Filiformes.xlsx	tristeza	G10
fil-tristeza-mx-0001	Res Filiformes	tristeza	MX	verbal-objective	desatar	el nivel bajó considerablemente de una semana a otra, y desató así la tristeza en algunos	manual	Res Filiformes.xlsx	tristeza	B13
fil-tristeza-mx-0002	Res Filiformes	tristeza	MX	attributive		Fue tal la desazón y la tristeza justamente desatada ante la posible desaparición de la radio	manual	Res Filiformes.xlsx	tristeza	F13
fil-tristeza-mx-0003	Res Filiformes	tristeza	MX	substantive		cabeza era un nido de confusiones, un tobogán de felicidad entrelazada con tristeza.	manual	Res Filiformes.xlsx	tristeza	G13
fil-tristeza-mx-0004	Res Filiformes	tristeza	MX	substantive	hilo de	el' luto' de la alcaldesa refleja una serie de desastres y tristezas hilvanadas a lo largo de su gestión.	manual	Res Filiformes.xlsx	tristeza	G13
fil-tristeza-pe-0001	Res Filiformes	tristeza	PE	verbal-objective	desatar	El árbitro Felix Brych dio por terminado el partido, desatando la ola de tristeza	manual	Res Filiformes.xlsx	tristeza	B16
fil-tristeza-pr-0001	Res Filiformes	tristeza	PR	verbal-objective	desatar	DESATAR 1 (Eso desató la molestia y tristeza del actor	manual	Res Filiformes.xlsx	tristeza	B17
fil-tristeza-us-0001	Res Filiformes	tristeza	US	verbal-objective	desatar	la puesta a el aire de un fuerte video que desató la tristeza de la connotada artist	manual	Res Filiformes.xlsx	tristeza	B22
fil-tristeza-us-0002	Res Filiformes	tristeza	US	verbal-objective	desatar	La temprana partida de la joven desató la tristeza en todos l	manual	Res Filiformes.xlsx	tristeza	B22
fil-tristeza-us-0003	Res Filiformes	tristeza	US	verbal-objective	desatar	rimero desató enojo y profunda tristeza a el cerrar la Iglesia San Mateo	manual	Res Filiformes.xlsx	tristeza	B22
fil-tristeza-us-0004	Res Filiformes	tristeza	US	verbal-subject-intransitive	desatarse	desaparición definitiva de un animal no provoque la tristeza que se desata ante una pérdida humana	manual	Res Filiformes.xlsx	tristeza	C22
liq-tristeza-ar-0001	Res Liquidae	tristeza	AR	verbal-objective		GOTEAR 1 una pintura que gotea su tristeza, su abuso reprimido, una desesperación disipada	manual	RES LIQUIDAE COR.xlsx	tristeza	B2
liq-tristeza-ar-0002	Res Liquidae	tristeza	AR	verbal-subject-transitive	inundar	Sin embargo la tristeza que inunda a el jugador lesionado preocupa a sus compañeros por su estado de ánimo. AR	manual	RES LIQUIDAE COR.xlsx	tristeza	C2
liq-tristeza-ar-0003	Res Liquidae	tristeza	AR	verbal-subject-transitive	inundar	Y los dos ganaron para que la tristeza inunde los corazones verdes en cada rincón de Junín AR	manual	RES LIQUIDAE COR.xlsx	tristeza	C2
liq-tristeza-ar-0004	Res Liquidae	tristeza	AR	verbal-subject-transitive	inundar	La tristeza inundaba en la vereda a los comerciantes que conocían a muje AR	manual	RES LIQUIDAE COR.xlsx	tristeza	C2
liq-tristeza-ar-0005	Res Liquidae	tristeza	AR	verbal-subject-transitive	inundar	Defederico contó lo emotiva que fue la reunión familiar y la tristeza que lo inundó en este tiempo lejos de Argentina.  AR	manual	RES LIQUIDAE COR.xlsx	tristeza	C2
liq-tristeza-ar-0006	Res Liquidae	tristeza	AR	verbal-subject-transitive	inundar	La tristeza inunda a los operadores turísticos de Villa Carlos Paz por el fallecimiento de uno de ar	manual	RES LIQUIDAE COR.xlsx	tristeza	C2
liq-tristeza-ar-0007	Res Liquidae	tristeza	AR	verbal-subject-transitive	inundar	# La tristeza inunda a Los Charrúas, localidad de la zona Campaña de el Departamento Concordia, AR	manual	RES LIQUIDAE COR.xlsx	tristeza	C2
liq-tristeza-ar-0008	Res Liquidae	tristeza	AR	verbal-subject-transitive	inundar	La tristeza inundó los pasillos de el hospital Horacio Heller, a AR	manual	RES LIQUIDAE COR.xlsx	tristeza	C2
liq-tristeza-ar-0009	Res Liquidae	tristeza	AR	verbal-subject-transitive	inundar	El optimismo había faltado a la cita y la tristeza había inundado con su presencia cada rincón de las instalaciones AR	manual	RES LIQUIDAE COR.xlsx	tristeza	C2
liq-tristeza-ar-0010	Res Liquidae	tristeza	AR	verbal-subject-transitive	inundar	ecorrió Las Ramblas y contó la tristeza que inundó a una de las localidades más turísticas de el mund AR	manual	RES LIQUIDAE COR.xlsx	tristeza	C2
liq-tristeza-ar-0011	Res Liquidae	tristeza	AR	verbal-subject-transitive	inundar	Una tristeza honda inunda mi corazón, en estas Pascuas después de tanto agravio, AR	manual	RES LIQUIDAE COR.xlsx	tristeza	C2
liq-tristeza-ar-0012	Res Liquidae	tristeza	AR	verbal-subject-transitive	inundar	More Rial no dejó que la tristeza la inunde y se enfocó en tener una vida nueva AR	manual	RES LIQUIDAE COR.xlsx	tristeza	C2
liq-tristeza-ar-0013	Res Liquidae	tristeza	AR	verbal-subject-transitive	inundar	Se, hijos queridos, que la tristeza les inunda el corazón pero vamos a salir todos juntos adelante. AR	manual	RES LIQUIDAE COR.xlsx	tristeza	C2
liq-tristeza-ar-0014	Res Liquidae	tristeza	AR	verbal-subject-transitive	inundar	a tristeza inunda a Vanina y Silvina Escudero. Las hermanas manifestaron en Twitter el inmenso dolor AR	manual	RES LIQUIDAE COR.xlsx	tristeza	C2
liq-tristeza-ar-0015	Res Liquidae	tristeza	AR	verbal-subject-transitive	inundar	De más está decir que nos inunda una profunda tristeza, aún a sabiendas de que hicimos todo lo posible  AR	manual	RES LIQUIDAE COR.xlsx	tristeza	C2
liq-tristeza-ar-0016	Res Liquidae	tristeza	AR	verbal-subject-transitive	inundar	que cayeron muy mal en medio de la tristeza que inunda a el mundo deportivo por el fatal accidente aéreo.	manual	RES LIQUIDAE COR.xlsx	tristeza	C2
liq-tristeza-ar-0017	Res Liquidae	tristeza	AR	verbal-subject-transitive	inundar	Un manto de tristeza y desconsuelo inunda a todo un país	manual	RES LIQUIDAE COR.xlsx	tristeza	C2
liq-tristeza-ar-0018	Res Liquidae	tristeza	AR	verbal-subject-intransitive	fluir	a palpitante tristeza que fluye de los corazones, cuando se sienten ante un gran dolor AR	manual	RES LIQUIDAE COR.xlsx	tristeza	D2
liq-tristeza-ar-0019	Res Liquidae	tristeza	AR	verbal-subject-intransitive	fluir	Distancia. Memoria. Amistad. Azar y tristeza fluyen en este relato cuidado	manual	RES LIQUIDAE COR.xlsx	tristeza	D2
liq-tristeza-ar-0020	Res Liquidae	tristeza	AR	verbal-subject-intransitive	brotar	es una tristeza individualista que brota de el corazón cómodo y avaro, de la búsqueda enfermiza de placeres superficiales, AR	manual	RES LIQUIDAE COR.xlsx	tristeza	D2
liq-tristeza-ar-0021	Res Liquidae	tristeza	AR	verbal-subject-intransitive	brotar	A Daniel Hourcade le brota la tristeza por los poros AR	manual	RES LIQUIDAE COR.xlsx	tristeza	D2
liq-tristeza-ar-0022	Res Liquidae	tristeza	AR	verbal-subject-intransitive	brotar	dejarán la pantalla de El Trece y la tristeza comienza a brota	manual	RES LIQUIDAE COR.xlsx	tristeza	D2
liq-tristeza-ar-0023	Res Liquidae	tristeza	AR	verbal-subject-intransitive	diluirse	La tristeza se diluye cuando tomo conciencia que, de aquí a el fin de mis días estará presente	manual	RES LIQUIDAE COR.xlsx	tristeza	D2
liq-tristeza-ar-0024	Res Liquidae	tristeza	AR	substantive	gota de	GOTA DE una chica muy fuerte y no hay una gota de tristeza en ella ahora	manual	RES LIQUIDAE COR.xlsx	tristeza	E2
liq-tristeza-ar-0025	Res Liquidae	tristeza	AR	verbal-instrumental		1nundado por la tristeza y el desconsuelo, recibió a los amigos íntimos de la familia	manual	RES LIQUIDAE COR.xlsx	tristeza	G2
liq-tristeza-ar-0026	Res Liquidae	tristeza	AR	verbal-instrumental	inundar de	2allecimiento inundó de tristeza y desconsuelo a sus familiares y amigos AR	manual	RES LIQUIDAE COR.xlsx	tristeza	G2
liq-tristeza-ar-0027	Res Liquidae	tristeza	AR	verbal-instrumental	inundar de	3os mensajes en un posteo de la ex gran hermano inundaron de tristeza a todos sus seguidores. AR	manual	RES LIQUIDAE COR.xlsx	tristeza	G2
liq-tristeza-ar-0028	Res Liquidae	tristeza	AR	verbal-instrumental	inundar de	Ayer, las redes se inundaron de tristeza ante la noticia de la muerte de este histórico vestuarista de Vendimia,AR	manual	RES LIQUIDAE COR.xlsx	tristeza	G2
liq-tristeza-ar-0029	Res Liquidae	tristeza	AR	verbal-instrumental	inundar de	5ero lo cierto era que un nuevo hecho de sangre inundaba de tristeza a la ciudad. AR	manual	RES LIQUIDAE COR.xlsx	tristeza	G2
liq-tristeza-ar-0030	Res Liquidae	tristeza	AR	verbal-instrumental	inundar de	La muerte de Sofía inundó de tristeza a la comunidad santiagueñ	manual	RES LIQUIDAE COR.xlsx	tristeza	G2
liq-tristeza-bo-0001	Res Liquidae	tristeza	BO	verbal-instrumental	inundar de	Al igual que cualquier ser humano, caí derrotado, me inundé de tristeza, sufrí de desamor y perdí gente que quise y lloré muchísimo	manual	RES LIQUIDAE COR.xlsx	tristeza	G3
liq-tristeza-cl-0001	Res Liquidae	tristeza	CL	verbal-objective	derramar	egó aquel día que llenaste las copas con tu ausencia, derramando tristeza y pena sobre aquellos que te estimábamos	manual	RES LIQUIDAE COR.xlsx	tristeza	B4
liq-tristeza-cl-0002	Res Liquidae	tristeza	CL	verbal-objective		...San Juan, inmóvil, rebosa tristeza.	manual	RES LIQUIDAE COR.xlsx	tristeza	B4
liq-tristeza-cl-0003	Res Liquidae	tristeza	CL	verbal-subject-transitive	inundar	la tristeza inunda el aire, no se puede creer tanto desastre en tan pocos días. CL	manual	RES LIQUIDAE COR.xlsx	tristeza	C4
liq-tristeza-cl-0004	Res Liquidae	tristeza	CL	verbal-subject-transitive	inundar	. El pronóstico era bueno, pero cuando se iba a dormir, la inundaba una profunda tristeza.  CL	manual	RES LIQUIDAE COR.xlsx	tristeza	C4
liq-tristeza-cl-0005	Res Liquidae	tristeza	CL	verbal-subject-transitive	inundar	La tristeza volvió a inundar ayer la Arena Condá, hogar de el modesto Chapecoense.CL	manual	RES LIQUIDAE COR.xlsx	tristeza	C4
liq-tristeza-cl-0006	Res Liquidae	tristeza	CL	verbal-subject-transitive	inundar	Hay días en que la tristeza me inunda y lloro mucho, pero… después me llega desde el cielo mucha paz… CL	manual	RES LIQUIDAE COR.xlsx	tristeza	C4
liq-tristeza-cl-0007	Res Liquidae	tristeza	CL	verbal-subject-transitive	inundar	Hace unos días atrás, falleció y ello inundó de tristeza a su entorno.  CL	manual	RES LIQUIDAE COR.xlsx	tristeza	C4
liq-tristeza-cl-0008	Res Liquidae	tristeza	CL	verbal-subject-transitive	inundar	Cuando el partido se iba, la tristeza inundó el Estadio Olímpico de Londres.  CL	manual	RES LIQUIDAE COR.xlsx	tristeza	C4
liq-tristeza-cl-0009	Res Liquidae	tristeza	CL	verbal-subject-transitive	inundar	Nos inunda la tristeza, la pena, la adrenalina y la rabia, una mezcla CL	manual	RES LIQUIDAE COR.xlsx	tristeza	C4
liq-tristeza-cl-0010	Res Liquidae	tristeza	CL	verbal-subject-transitive	inundar	Tristeza y dolor inundan los corazones de los familiares y cercanos de Emiliano Sala CL	manual	RES LIQUIDAE COR.xlsx	tristeza	C4
liq-tristeza-cl-0011	Res Liquidae	tristeza	CL	verbal-subject-transitive	inundar	fue informado de el fallecimiento de Domínguez y la tristeza lo inundó de inmediato por la partida de uno de los personajes	manual	RES LIQUIDAE COR.xlsx	tristeza	C4
liq-tristeza-cl-0012	Res Liquidae	tristeza	CL	verbal-subject-intransitive	brotar	es una tristeza individualista que brota de el corazón cómodo y avar	manual	RES LIQUIDAE COR.xlsx	tristeza	D4
liq-tristeza-cl-0013	Res Liquidae	tristeza	CL	verbal-subject-intransitive		La tristeza inundó ayer en Valparaíso.	manual	RES LIQUIDAE COR.xlsx	tristeza	D4
liq-tristeza-cl-0014	Res Liquidae	tristeza	CL	verbal-instrumental	inundado por	ero la realidad pone en su camino personas inundadas por la tristeza y el abandono,	manual	RES LIQUIDAE COR.xlsx	tristeza	G4
liq-tristeza-cl-0015	Res Liquidae	tristeza	CL	verbal-instrumental	inundar de	La historia es emotiva y nos inunda de tristeza en la novela; en la versión de Teatro Cinema nos impresiona CL	manual	RES LIQUIDAE COR.xlsx	tristeza	G4
liq-tristeza-cl-0016	Res Liquidae	tristeza	CL	verbal-instrumental	inundar de	Acaba de fallecer y nuestros corazones se inundaron de tristeza y dolor,	manual	RES LIQUIDAE COR.xlsx	tristeza	G4
liq-tristeza-co-0001	Res Liquidae	tristeza	CO	verbal-objective	derramar	La iglesia llena, las melodías de el órgano derramando tonadas de tristeza	manual	RES LIQUIDAE COR.xlsx	tristeza	B5
liq-tristeza-co-0002	Res Liquidae	tristeza	CO	verbal-objective	diluir	mujer, aunque no diluya la tristeza que me embarga cuando me cuestiono sobre el rumbo que decidió tomar.	manual	RES LIQUIDAE COR.xlsx	tristeza	B5
liq-tristeza-co-0003	Res Liquidae	tristeza	CO	verbal-subject-transitive	inundar	evidenció la tristeza que lo inunda en estos momentos tras la muerte de Fernando Gaitán CO	manual	RES LIQUIDAE COR.xlsx	tristeza	C5
liq-tristeza-co-0004	Res Liquidae	tristeza	CO	verbal-subject-transitive	inundar	Frente a esta tristeza que los inundaba Jesús los invitó a lo alto de una montaña para ora CO	manual	RES LIQUIDAE COR.xlsx	tristeza	C5
liq-tristeza-co-0005	Res Liquidae	tristeza	CO	verbal-subject-transitive	inundar	Dybala salía de el campo de juego, trataba de contener la tristeza que lo inundaba y rompió en llanto.	manual	RES LIQUIDAE COR.xlsx	tristeza	C5
liq-tristeza-co-0006	Res Liquidae	tristeza	CO	verbal-subject-intransitive	fluir	no había tenido tiempo de recordar ese momento, y que solamente hasta ahora, fluía la tristeza.	manual	RES LIQUIDAE COR.xlsx	tristeza	D5
liq-tristeza-co-0007	Res Liquidae	tristeza	CO	verbal-subject-intransitive	brotar	A Molina Araújo le brota la tristeza por sus ojos	manual	RES LIQUIDAE COR.xlsx	tristeza	D5
liq-tristeza-co-0008	Res Liquidae	tristeza	CO	verbal-instrumental	inundado por	los rostros inundados de tristeza y los brazos cruzados por la impotencia, permanecen los familiares CO	manual	RES LIQUIDAE COR.xlsx	tristeza	G5
liq-tristeza-co-0009	Res Liquidae	tristeza	CO	verbal-instrumental	inundar de	Bonner, inundado de tristeza, no podía dar le, aunque se lo mereciera.	manual	RES LIQUIDAE COR.xlsx	tristeza	G5
liq-tristeza-co-0010	Res Liquidae	tristeza	CO	verbal-instrumental	inundar de	de la Copa América dejó atónitos a los jugadores de la Selección Colombia e inundó de tristeza a millones de personas, CO	manual	RES LIQUIDAE COR.xlsx	tristeza	G5
liq-tristeza-co-0011	Res Liquidae	tristeza	CO	verbal-instrumental	inundar de	4La tragedia inundó de tristeza a una familia de Quibdó CO	manual	RES LIQUIDAE COR.xlsx	tristeza	G5
liq-tristeza-co-0012	Res Liquidae	tristeza	CO	verbal-instrumental	inundar de	5La igualdad 1-1 frente a el Deportivo Pasto inundó de tristeza el estadio La Independencia.  CO	manual	RES LIQUIDAE COR.xlsx	tristeza	G5
liq-tristeza-co-0013	Res Liquidae	tristeza	CO	verbal-instrumental	inundarse en	6Ahora, no puedo hacer nada más que inundar me en tristeza por tu partida, y que nunca hayamos podido dejar todo bien CO	manual	RES LIQUIDAE COR.xlsx	tristeza	G5
liq-tristeza-co-0014	Res Liquidae	tristeza	CO	verbal-instrumental	inundar de	el Atanasio Girardot cuando los verdolagas superaron la serie 2 goles por 0, inundó de tristeza a los seguidores azucareros. CO	manual	RES LIQUIDAE COR.xlsx	tristeza	G5
liq-tristeza-co-0015	Res Liquidae	tristeza	CO	verbal-instrumental	inundar de	la noticia de que dos policías fueron asesinados en Soacha, inundó de tristeza a los habitantes de el barrio	manual	RES LIQUIDAE COR.xlsx	tristeza	G5
liq-tristeza-cr-0001	Res Liquidae	tristeza	CR	verbal-subject-transitive	inundar	El jerarca indicó que la tristeza lo inunda, pero que ahora deberán concentrar se en sacar esta fase final de Juegos	manual	RES LIQUIDAE COR.xlsx	tristeza	C6
liq-tristeza-cu-0001	Res Liquidae	tristeza	CU	verbal-subject-transitive	inundar	Un halo de tristeza inunda a todo un pueblo	manual	RES LIQUIDAE COR.xlsx	tristeza	C7
liq-tristeza-cu-0002	Res Liquidae	tristeza	CU	verbal-subject-transitive	inundar	broma alegran a sus compañeros cuando la tristeza les inunda, mantienen su fidelidad a Cuba en cada frente	manual	RES LIQUIDAE COR.xlsx	tristeza	C7
liq-tristeza-cu-0003	Res Liquidae	tristeza	CU	verbal-subject-transitive	inundar	sintió que la tristeza le inundaba el alma y le humedecía los ojos.	manual	RES LIQUIDAE COR.xlsx	tristeza	C7
liq-tristeza-cu-0004	Res Liquidae	tristeza	CU	verbal-subject-transitive	inundar	el devastador huracán George inundó de tristezas a el primer país libre de Latinoamérica.	manual	RES LIQUIDAE COR.xlsx	tristeza	C7
liq-tristeza-cu-0005	Res Liquidae	tristeza	CU	verbal-subject-transitive	inundar	Aunque la tristeza lo inundó cuando no pudo hacer se escultor	manual	RES LIQUIDAE COR.xlsx	tristeza	C7
liq-tristeza-cu-0006	Res Liquidae	tristeza	CU	verbal-subject-transitive	inundar	Al apreciar la tristeza que le inundó los ojos y apaciguó su perenne sonrisa, tuve que esforzar me para continuar	manual	RES LIQUIDAE COR.xlsx	tristeza	C7
liq-tristeza-cu-0007	Res Liquidae	tristeza	CU	verbal-subject-transitive	inundar	profundo de mi ser el silencio y la tristeza que inunda a mi Habana Fisicamente ya no estará con nosotros pero estoy convencida que Fidel	manual	RES LIQUIDAE COR.xlsx	tristeza	C7
liq-tristeza-cu-0008	Res Liquidae	tristeza	CU	verbal-subject-intransitive	fluir	la defiende y se la controla, pero la tristeza fluye sin contención	manual	RES LIQUIDAE COR.xlsx	tristeza	D7
liq-tristeza-cu-0009	Res Liquidae	tristeza	CU	verbal-subject-intransitive	brotar	Lágrimas y tristeza brota en la gente	manual	RES LIQUIDAE COR.xlsx	tristeza	D7
liq-tristeza-cu-0010	Res Liquidae	tristeza	CU	verbal-instrumental	inundar de	l corazón de el pueblo se inunda de tristeza y llora la pérdida de el eterno Comandante en Jefe	manual	RES LIQUIDAE COR.xlsx	tristeza	G7
liq-tristeza-do-0001	Res Liquidae	tristeza	DO	verbal-subject-intransitive	fluir	sí es que los invito a que dejemos de lado la tristeza y dejemos fluir ese hermoso sentimiento que enciende la luz de nuestro corazón DO	manual	RES LIQUIDAE COR.xlsx	tristeza	D8
liq-tristeza-do-0002	Res Liquidae	tristeza	DO	verbal-subject-intransitive	fluir	por los ojos de ambos (Ignacio y Rosa) comenzó a fluir una gran tristez	manual	RES LIQUIDAE COR.xlsx	tristeza	D8
liq-tristeza-ec-0001	Res Liquidae	tristeza	EC	verbal-objective		La figura de San Juan, inmóvil, rebosa tristeza.	manual	RES LIQUIDAE COR.xlsx	tristeza	B9
liq-tristeza-ec-0002	Res Liquidae	tristeza	EC	verbal-objective		..San Juan, inmóvil, rebosa tristeza.	manual	RES LIQUIDAE COR.xlsx	tristeza	B9
liq-tristeza-es-0001	Res Liquidae	tristeza	ES	verbal-objective	derramar	La voz absolutamente mágica de la irlandesa derrama tristeza en todas las estrofas,	manual	RES LIQUIDAE COR.xlsx	tristeza	B10
liq-tristeza-es-0002	Res Liquidae	tristeza	ES	verbal-objective		...un doloroso e impactante altar en honor a las víctimas que rebosa sentimientos, dolor, tristeza y silencios...	manual	RES LIQUIDAE COR.xlsx	tristeza	B10
liq-tristeza-es-0003	Res Liquidae	tristeza	ES	verbal-subject-transitive	inundar	A pesar de la tristeza que inundó a muchos por vivir las últimas horas de las fiestas, la traca final volvióES	manual	RES LIQUIDAE COR.xlsx	tristeza	C10
liq-tristeza-es-0004	Res Liquidae	tristeza	ES	verbal-subject-transitive	inundar	La tristeza inundaba a los periodistas patrios. El Madrid acababa de ganar  ES	manual	RES LIQUIDAE COR.xlsx	tristeza	C10
liq-tristeza-es-0005	Res Liquidae	tristeza	ES	verbal-subject-transitive	inundar	# La tristeza que inundaba los días de Ryland fue el detonante que hizo cambiar de opinión ES	manual	RES LIQUIDAE COR.xlsx	tristeza	C10
liq-tristeza-es-0006	Res Liquidae	tristeza	ES	verbal-subject-transitive	inundar	La nostalgia y la tristeza inundan un relato de una gran sensibilidad, ES	manual	RES LIQUIDAE COR.xlsx	tristeza	C10
liq-tristeza-es-0007	Res Liquidae	tristeza	ES	verbal-subject-transitive	inundar	La agencia norcoreana KCNA ha plasmado con retórica poética la tristeza que inundaba Pyongyang el domingo por la desaparición de Kim Jong-il ES	manual	RES LIQUIDAE COR.xlsx	tristeza	C10
liq-tristeza-es-0008	Res Liquidae	tristeza	ES	verbal-subject-transitive	inundar	# La tristeza ha inundado a los cofrades nada más conocer la noticia	manual	RES LIQUIDAE COR.xlsx	tristeza	C10
liq-tristeza-es-0009	Res Liquidae	tristeza	ES	verbal-subject-transitive	inundar	una ola de tristeza inundó a el universo que rodeaba a Operación Triunfo.	manual	RES LIQUIDAE COR.xlsx	tristeza	C10
liq-tristeza-es-0010	Res Liquidae	tristeza	ES	verbal-subject-intransitive	brotar	le confesó -con " genuina tristeza " brotando de sus ojos azules- ES	manual	RES LIQUIDAE COR.xlsx	tristeza	D10
liq-tristeza-es-0011	Res Liquidae	tristeza	ES	verbal-subject-intransitive	brotar	Pero sus ojos estaban cubiertos por una tristeza inmensa que brotaba de el interior.	manual	RES LIQUIDAE COR.xlsx	tristeza	D10
liq-tristeza-es-0012	Res Liquidae	tristeza	ES	verbal-instrumental	inundado por	1Una difícil decisión que fue aceptada con resignación por los cofrades, inundados por la tristeza.  ES	manual	RES LIQUIDAE COR.xlsx	tristeza	G10
liq-tristeza-es-0013	Res Liquidae	tristeza	ES	verbal-instrumental	inundar de	2No es cierto que " todo el mundo sea feliz y que otros estén inundados de tristeza " ES	manual	RES LIQUIDAE COR.xlsx	tristeza	G10
liq-tristeza-es-0014	Res Liquidae	tristeza	ES	verbal-instrumental	inundar de	Bonner, inundado de tristeza, no podía dar le, aunque se lo mereciera. ES	manual	RES LIQUIDAE COR.xlsx	tristeza	G10
liq-tristeza-es-0015	Res Liquidae	tristeza	ES	verbal-instrumental	inundar de	Demostrando una gran entereza, aunque con el rostro inundado de tristeza, la reina Máxima de Holanda retomó hoy su agenda oficial  ES	manual	RES LIQUIDAE COR.xlsx	tristeza	G10
liq-tristeza-es-0016	Res Liquidae	tristeza	ES	verbal-instrumental	inundar de	5fueron unas horas con caras inundadas de tristeza y lágrimas que no podían dejar de brotar de el rostro  ES	manual	RES LIQUIDAE COR.xlsx	tristeza	G10
liq-tristeza-es-0017	Res Liquidae	tristeza	ES	verbal-instrumental	inundar de	6una fecha que supondrá una tregua en un hogar inundado de tristeza.	manual	RES LIQUIDAE COR.xlsx	tristeza	G10
liq-tristeza-es-0018	Res Liquidae	tristeza	ES	verbal-instrumental	inundar de	mascota que, muy metido en su papel, inunda de tristeza un blues' que suena a el sur más clásico ES	manual	RES LIQUIDAE COR.xlsx	tristeza	G10
liq-tristeza-es-0019	Res Liquidae	tristeza	ES	verbal-instrumental	inundar de	Me inundé de tristeza y un millón más de sentimientos… ES	manual	RES LIQUIDAE COR.xlsx	tristeza	G10
liq-tristeza-es-0020	Res Liquidae	tristeza	ES	verbal-instrumental	inundar de	La repentina e inesperada muerte de el actor Cory Monteith ha inundado de tristeza a la serie' Glee ES	manual	RES LIQUIDAE COR.xlsx	tristeza	G10
liq-tristeza-es-0021	Res Liquidae	tristeza	ES	verbal-instrumental	inundar de	aleja los tristes pensamiento y sacude la murria de humedad que pretende inundar de tristeza también los mejores ánimos. ES	manual	RES LIQUIDAE COR.xlsx	tristeza	G10
liq-tristeza-es-0022	Res Liquidae	tristeza	ES	verbal-instrumental	inundar de	La noticia inundó de tristeza las redes sociales,  ESn las cercanías bien entrada la noche, cual testigo mudo de la desgracia que inundó de tristeza a toda la localidad de Montillana ES	manual	RES LIQUIDAE COR.xlsx	tristeza	G10
liq-tristeza-es-0023	Res Liquidae	tristeza	ES	verbal-instrumental	inundar de	con los que quiso llorar los muertos de la guerra y que inundan de tristeza ES	manual	RES LIQUIDAE COR.xlsx	tristeza	G10
liq-tristeza-es-0024	Res Liquidae	tristeza	ES	verbal-instrumental	inundar de	tiene sentimientos humanos y sus ojos se inundan de tristeza cuando algo le hace daño	manual	RES LIQUIDAE COR.xlsx	tristeza	G10
liq-tristeza-gt-0001	Res Liquidae	tristeza	GT	verbal-objective		este mi cuerpo es solo una sombra que gotea tristeza	manual	RES LIQUIDAE COR.xlsx	tristeza	B11
liq-tristeza-gt-0002	Res Liquidae	tristeza	GT	verbal-subject-transitive	inundar	Tristeza y desolación inundan la casa de la familia Chicas en la aldea Los ChiquirinesGT	manual	RES LIQUIDAE COR.xlsx	tristeza	C11
liq-tristeza-gt-0003	Res Liquidae	tristeza	GT	verbal-subject-transitive	inundar	Los recuerdos y la tristeza inundan su mente,	manual	RES LIQUIDAE COR.xlsx	tristeza	C11
liq-tristeza-mx-0001	Res Liquidae	tristeza	MX	verbal-subject-transitive	inundar	enemos la tristeza que nos inunda por tu ausencia	manual	RES LIQUIDAE COR.xlsx	tristeza	C13
liq-tristeza-mx-0002	Res Liquidae	tristeza	MX	verbal-subject-transitive	inundar	años después el frío y la tristeza inunda el lugar y uno de los testigos de aquellas labores de inhumación	manual	RES LIQUIDAE COR.xlsx	tristeza	C13
liq-tristeza-mx-0003	Res Liquidae	tristeza	MX	verbal-subject-transitive	inundar	El cantautor abundó que la tristeza que inunda a el ámbito de la cultura se debe a que " Gabo	manual	RES LIQUIDAE COR.xlsx	tristeza	C13
liq-tristeza-mx-0004	Res Liquidae	tristeza	MX	verbal-subject-transitive	inundar	la impotencia y la tristeza inundaron su ser, en especial cuando la fuerza de la naturaleza "	manual	RES LIQUIDAE COR.xlsx	tristeza	C13
liq-tristeza-mx-0005	Res Liquidae	tristeza	MX	verbal-subject-transitive	inundar	La tristeza inunda el ambiente, mientras los familiares de Guadalupe " Lupita "	manual	RES LIQUIDAE COR.xlsx	tristeza	C13
liq-tristeza-mx-0006	Res Liquidae	tristeza	MX	verbal-subject-transitive	inundar	Abandono y tristeza inundan las paredes de dos instituciones públicas de Ahome que se encargan de atender a adultos	manual	RES LIQUIDAE COR.xlsx	tristeza	C13
liq-tristeza-mx-0007	Res Liquidae	tristeza	MX	verbal-subject-transitive	inundar	fue el canijo sin despedir nos y a mí me inunda la tristeza.	manual	RES LIQUIDAE COR.xlsx	tristeza	C13
liq-tristeza-mx-0008	Res Liquidae	tristeza	MX	verbal-subject-transitive	inundar	Ahora, la tristeza, inundó a la mayoría de los presentes y no fue para menos	manual	RES LIQUIDAE COR.xlsx	tristeza	C13
liq-tristeza-mx-0009	Res Liquidae	tristeza	MX	verbal-subject-transitive	inundar	Conmoción, dolor y tristeza, inundan el Valle de el Guadalhorce	manual	RES LIQUIDAE COR.xlsx	tristeza	C13
liq-tristeza-mx-0010	Res Liquidae	tristeza	MX	verbal-subject-transitive	inundar	Aunque la música fue alegre, el ambiente de tristeza inundaba a los presente	manual	RES LIQUIDAE COR.xlsx	tristeza	C13
liq-tristeza-mx-0011	Res Liquidae	tristeza	MX	verbal-subject-intransitive	fluir	las posibilidades rítmicas de la obra, en la que de un momento a otro fluye la tristeza, la exaltación y la reflexión profunda	manual	RES LIQUIDAE COR.xlsx	tristeza	D13
liq-tristeza-mx-0012	Res Liquidae	tristeza	MX	verbal-subject-intransitive	brotar	le brota la tristeza de manera inmediata a el recordar la tarde de el 18 de enero	manual	RES LIQUIDAE COR.xlsx	tristeza	D13
liq-tristeza-mx-0013	Res Liquidae	tristeza	MX	verbal-subject-intransitive	brotar	el miedo es una tristeza inconstante que brota de la idea de una cosa futura o pretérit	manual	RES LIQUIDAE COR.xlsx	tristeza	D13
liq-tristeza-mx-0014	Res Liquidae	tristeza	MX	substantive	chorro de	me da un chorro de tristeza que esté pasando	manual	RES LIQUIDAE COR.xlsx	tristeza	E13
liq-tristeza-mx-0015	Res Liquidae	tristeza	MX	verbal-instrumental	inundar de	los familiares de las víctimas siguen de pie, con la tristeza inundada en sus corazones, pero una decisión inalcanzable	manual	RES LIQUIDAE COR.xlsx	tristeza	G13
liq-tristeza-mx-0016	Res Liquidae	tristeza	MX	verbal-instrumental	inundar de	Una noticia inunda de tristeza a el futbol británico,	manual	RES LIQUIDAE COR.xlsx	tristeza	G13
liq-tristeza-mx-0017	Res Liquidae	tristeza	MX	verbal-instrumental	inundar de	El dolor que inunda de tristeza aquel recuerdo le comienza a brotar por los ojos.	manual	RES LIQUIDAE COR.xlsx	tristeza	G13
liq-tristeza-mx-0018	Res Liquidae	tristeza	MX	verbal-instrumental	inundar de	nuestro hogar se inundó de tristeza en su partida;	manual	RES LIQUIDAE COR.xlsx	tristeza	G13
liq-tristeza-mx-0019	Res Liquidae	tristeza	MX	verbal-instrumental	inundar de	una lamentable noticia inundó de tristeza el medio de el espectáculo, pues se dio a conocer la muerte	manual	RES LIQUIDAE COR.xlsx	tristeza	G13
liq-tristeza-mx-0020	Res Liquidae	tristeza	MX	verbal-instrumental	inundar de	no queremos que el país simplemente se inunde de tristeza que se percibe en todo los sentidos,	manual	RES LIQUIDAE COR.xlsx	tristeza	G13
liq-tristeza-ni-0001	Res Liquidae	tristeza	NI	verbal-subject-intransitive	fluir	or lo que se debe dejar que la tristeza fluya sin que afecte a la persona la mayor parte de el tiempo	manual	RES LIQUIDAE COR.xlsx	tristeza	D14
liq-tristeza-pa-0001	Res Liquidae	tristeza	PA	verbal-subject-transitive	inundar	tre los colegas de diversos medios de comunicación hoy nos inunda la tristeza a el saber que has partido de el mundo terrena	manual	RES LIQUIDAE COR.xlsx	tristeza	C15
liq-tristeza-pe-0001	Res Liquidae	tristeza	PE	verbal-objective	diluir	diluyó la tristeza de la derrota peruana con buena sazón y un poquito de pisco	manual	RES LIQUIDAE COR.xlsx	tristeza	B16
liq-tristeza-pe-0002	Res Liquidae	tristeza	PE	verbal-subject-transitive	inundar	a tristeza inunda el rostro de Trunks que ahora no podrá regresa a su era PE	manual	RES LIQUIDAE COR.xlsx	tristeza	C16
liq-tristeza-pe-0003	Res Liquidae	tristeza	PE	verbal-subject-transitive	inundar	Mientras en Chile todo era felicidad, la tristeza y recriminación inundaba las almas de los colombianos	manual	RES LIQUIDAE COR.xlsx	tristeza	C16
liq-tristeza-pe-0004	Res Liquidae	tristeza	PE	verbal-subject-intransitive	fluir	Deja que la tristeza fluya, pero busca nuevas tradiciones que no asocies a esa persona. PE	manual	RES LIQUIDAE COR.xlsx	tristeza	D16
liq-tristeza-pe-0005	Res Liquidae	tristeza	PE	verbal-subject-intransitive	fluir	Pensaba o soñaba quién sabe qué cosas.  De todo su ser fluía una gran tristeza. Nunca he visto un hombre que pareciera más triste	manual	RES LIQUIDAE COR.xlsx	tristeza	D16
liq-tristeza-pe-0006	Res Liquidae	tristeza	PE	verbal-instrumental	inundar de	anoche, el set de el programa se inundó de tristeza en el momento en que Reyna intentó inutilmente pronunciar unas palabras	manual	RES LIQUIDAE COR.xlsx	tristeza	G16
liq-tristeza-pr-0001	Res Liquidae	tristeza	PR	verbal-instrumental	inundar de	el periodista deportivo Elliott Castro Tirado, inundó de tristeza a los medios y el deporte de su querido Puerto Rico	manual	RES LIQUIDAE COR.xlsx	tristeza	G17
liq-tristeza-py-0001	Res Liquidae	tristeza	PY	verbal-objective	derramar	cada compás derrama la tristeza de el que partió para siempre	manual	RES LIQUIDAE COR.xlsx	tristeza	B18
liq-tristeza-py-0002	Res Liquidae	tristeza	PY	verbal-subject-transitive	inundar	La preocupación crece y la sensación de tristeza inunda el hogar de los Morínigo	manual	RES LIQUIDAE COR.xlsx	tristeza	C18
liq-tristeza-py-0003	Res Liquidae	tristeza	PY	verbal-instrumental	inundar de	están en la zona afectada por el agua, no se dejaron "" inundar "" de tristeza y se fueron en masa a	manual	RES LIQUIDAE COR.xlsx	tristeza	G18
liq-tristeza-sv-0003	Res Liquidae	tristeza	SV	verbal-subject-transitive	inundar	ese a la tristeza que les inunda, están " fuertes " SV	manual	RES LIQUIDAE COR.xlsx	tristeza	C19
liq-tristeza-sv-0004	Res Liquidae	tristeza	SV	verbal-subject-transitive	inundar	Las imágenes de el desconsuelo de el arquero de Italia han inundado de tristeza a todos los fanáticos de la selección	manual	RES LIQUIDAE COR.xlsx	tristeza	C19
liq-tristeza-us-0001	Res Liquidae	tristeza	US	verbal-objective		...los bares rebosarán alegría o tristeza...	manual	RES LIQUIDAE COR.xlsx	tristeza	B22
liq-tristeza-us-0002	Res Liquidae	tristeza	US	verbal-subject-transitive	inundar	la tristeza lo inunda a el hablar de la situación que Cruz Azulvive. US	manual	RES LIQUIDAE COR.xlsx	tristeza	C22
liq-tristeza-us-0003	Res Liquidae	tristeza	US	verbal-subject-transitive	inundar	Aunque la tristeza también los inunda por la falta de contacto con la pantalla chica, US	manual	RES LIQUIDAE COR.xlsx	tristeza	C22
liq-tristeza-us-0004	Res Liquidae	tristeza	US	verbal-subject-transitive	inundar	elección Mexicana Sub-21 para participar en Juegos Centroamericanos y de el Caribe, la tristeza inundó a el jugador.  US	manual	RES LIQUIDAE COR.xlsx	tristeza	C22
liq-tristeza-us-0005	Res Liquidae	tristeza	US	verbal-subject-transitive	inundar	Águilas habló en conferencia de prensa en el hotel y expresó la tristeza que inundó a el plantel pues Güemez se perderá la posibilidad de estar en torneo de Japón US	manual	RES LIQUIDAE COR.xlsx	tristeza	C22
liq-tristeza-us-0006	Res Liquidae	tristeza	US	verbal-subject-transitive	inundar	cayeron para nada bien en medio de la tristeza que inunda a el ámbito deportivo por el fatal accidente US	manual	RES LIQUIDAE COR.xlsx	tristeza	C22
liq-tristeza-us-0007	Res Liquidae	tristeza	US	verbal-subject-transitive	inundar	la tristeza le inunda el semblante	manual	RES LIQUIDAE COR.xlsx	tristeza	C22
liq-tristeza-us-0008	Res Liquidae	tristeza	US	verbal-instrumental	inundado por	Ahora inundados por la tristeza, vecinos, amigos y compañeros de trabajo se darán la tarea	manual	RES LIQUIDAE COR.xlsx	tristeza	G22
liq-tristeza-us-0009	Res Liquidae	tristeza	US	verbal-instrumental	inundar de	Una noticia inunda de tristeza a todos los fanáticos de "" El chavo de el 8	manual	RES LIQUIDAE COR.xlsx	tristeza	G22
liq-tristeza-uy-0003	Res Liquidae	tristeza	UY	verbal-subject-transitive	inundar	olvíamos a Florida, de regreso a nuestras vidas, y a el aterrizar me inundaba la tristeza UY	manual	RES LIQUIDAE COR.xlsx	tristeza	C20
liq-tristeza-uy-0004	Res Liquidae	tristeza	UY	verbal-subject-transitive	inundar	Los gritos, la frustración y la tristeza inundaron este sábado las calles de Gaza en el funeral de el fotoperiodistUY	manual	RES LIQUIDAE COR.xlsx	tristeza	C20
liq-tristeza-uy-0005	Res Liquidae	tristeza	UY	verbal-subject-transitive	inundar	Era difícil articular las palabras, nos inundaba la tristeza de su partida, el vacío de las emociones frente a el hecho	manual	RES LIQUIDAE COR.xlsx	tristeza	C20
liq-tristeza-ve-0001	Res Liquidae	tristeza	VE	verbal-objective	diluir	esa alegría indispensable que diluye la tristeza que muy pronto convertiremos en un ingrato y aleccionador recuerd	manual	RES LIQUIDAE COR.xlsx	tristeza	B21
liq-tristeza-ve-0002	Res Liquidae	tristeza	VE	verbal-subject-transitive	inundar	por más golpeada que este nuestra moral en algunos días, por más tristeza que inunde nuestra alma, siempre toca levantar nos y seguir	manual	RES LIQUIDAE COR.xlsx	tristeza	C21
liq-tristeza-ve-0003	Res Liquidae	tristeza	VE	verbal-instrumental	inundado por	hora inundados por la tristeza, vecinos, amigos y compañeros de trabajo se darán la tarea	manual	RES LIQUIDAE COR.xlsx	tristeza	G21
liq-tristeza-ve-0004	Res Liquidae	tristeza	VE	verbal-instrumental	inundar de	presidenta de la institución, advirtió que la inseguridad inunda de tristeza a los valencianos VE	manual	RES LIQUIDAE COR.xlsx	tristeza	G21
liq-tristeza-ve-0005	Res Liquidae	tristeza	VE	verbal-instrumental		perdió el rumbo y nos inundó la tristeza	manual	RES LIQUIDAE COR.xlsx	tristeza	G21
par-tristeza-cl-0001	Res Parvae	tristeza	CL	verbal-objective-grasp		a vida en general, te entrega alegrías, tristezas, triunfos y derrotas	manual	Res Parvae.xlsx	tristeza	B4
par-tristeza-co-0001	Res Parvae	tristeza	CO	verbal-objective-collect	recoger	RECOGER  si persiste en hacer lo malo, solo recogerá tristeza y amargura,	manual	Res Parvae.xlsx	tristeza	D5
pen-tristeza-ar-0001	Res Longae Penetrantes	tristeza	AR	verbal-subject-transitive	atravesar	uantas alegrías y tristezas atraviesan profundamente a la institución	manual	Res Penentrantes.xlsx	TRISTEZA	B2
pen-tristeza-ar-0002	Res Longae Penetrantes	tristeza	AR	verbal-subject-transitive	atravesar	# La tristeza atravesó el rock hacia otras manifestaciones.	manual	Res Penentrantes.xlsx	TRISTEZA	B2
pen-tristeza-ar-0003	Res Longae Penetrantes	tristeza	AR	verbal-subject-transitive	atravesar	En diálogo con EL TIEMPO reconoció que lo atraviesa una profunda tristeza	manual	Res Penentrantes.xlsx	TRISTEZA	B2
pen-tristeza-ar-0004	Res Longae Penetrantes	tristeza	AR	verbal-subject-transitive	atravesar	reocupación, indignación y tristeza que atraviesa a la sociedad,	manual	Res Penentrantes.xlsx	TRISTEZA	B2
pen-tristeza-ar-0005	Res Longae Penetrantes	tristeza	AR	verbal-subject-transitive	atravesar	La tristeza de un despido atravesará la jornada	manual	Res Penentrantes.xlsx	TRISTEZA	B2
pen-tristeza-ar-0006	Res Longae Penetrantes	tristeza	AR	verbal-instrumental	atravesado por	preocupa demasiado por la alimentación de su hija o la suya, atravesada por una tristeza que se deduce profunda.	manual	Res Penentrantes.xlsx	TRISTEZA	E2
pen-tristeza-ar-0007	Res Longae Penetrantes	tristeza	AR	verbal-instrumental	atravesar por	n se atraviesa por esa " tristeza de domingo " o apatía sin sentido	manual	Res Penentrantes.xlsx	TRISTEZA	E2
pen-tristeza-ar-0008	Res Longae Penetrantes	tristeza	AR	verbal-instrumental		Atravesando con su tristeza y su encandilamiento las distintas dinámicas que la involucran:	manual	Res Penentrantes.xlsx	TRISTEZA	E2
pen-tristeza-ar-0009	Res Longae Penetrantes	tristeza	AR	verbal-instrumental	atravesado por	reconocen que van a estar atravesadas por " una tristeza muy grande "	manual	Res Penentrantes.xlsx	TRISTEZA	E2
pen-tristeza-ar-0010	Res Longae Penetrantes	tristeza	AR	predicative	es penetrante	la tristeza es penetrante porque no hay peor tristeza que la decepción	manual	Res Penentrantes.xlsx	TRISTEZA	G2
pen-tristeza-bo-0001	Res Longae Penetrantes	tristeza	BO	verbal-instrumental	atravesado por	un humor atravesado por vetas de tristeza, un humor sin entusiasmo.	manual	Res Penentrantes.xlsx	TRISTEZA	E3
pen-tristeza-cl-0001	Res Longae Penetrantes	tristeza	CL	attributive	penetrante	el corazón de tristeza, de la tristeza más honda y penetrante que puede experimentar un ser humano	manual	Res Penentrantes.xlsx	TRISTEZA	F4
pen-tristeza-co-0001	Res Longae Penetrantes	tristeza	CO	verbal-subject-intransitive	penetrar	Por un momento se penetró mi corazón de tristeza;	manual	Res Penentrantes.xlsx	TRISTEZA	C5
pen-tristeza-co-0002	Res Longae Penetrantes	tristeza	CO	substantive		Ellos tendrán espadas de dolor y tristeza que literalmente atravesarán tu corazón,	manual	Res Penentrantes.xlsx	TRISTEZA	H5
pen-tristeza-cu-0001	Res Longae Penetrantes	tristeza	CU	verbal-instrumental	clavado en	la tristeza clavada en el alma salían, luego de dejar les flores en sus nichos	manual	Res Penentrantes.xlsx	TRISTEZA	E7
pen-tristeza-do-0001	Res Longae Penetrantes	tristeza	DO	verbal-instrumental	clavado en	# Con una tristeza clavada en el alma, que se nota en su mirada	manual	Res Penentrantes.xlsx	TRISTEZA	E8
pen-tristeza-es-0001	Res Longae Penetrantes	tristeza	ES	verbal-subject-transitive	atravesar	Qué tristeza y soledad atravesaron tu corazón cuando envolvieron a tu Hijo en lienzos	manual	Res Penentrantes.xlsx	TRISTEZA	B10
pen-tristeza-es-0002	Res Longae Penetrantes	tristeza	ES	verbal-subject-transitive	clavar	y esa tristeza vuestra se me clava en las pupilas de el alma	manual	Res Penentrantes.xlsx	TRISTEZA	B10
pen-tristeza-mx-0001	Res Longae Penetrantes	tristeza	MX	verbal-subject-transitive	atravesar	Miguel Retamar tiene 11 años y la tristeza atraviesa su vida	manual	Res Penentrantes.xlsx	TRISTEZA	B13
pen-tristeza-mx-0002	Res Longae Penetrantes	tristeza	MX	verbal-subject-intransitive	penetrar	Satanás hace que penetren la tristeza, la inquietud, la angustia y la tensión	manual	Res Penentrantes.xlsx	TRISTEZA	C13
pen-tristeza-mx-0003	Res Longae Penetrantes	tristeza	MX	verbal-subject-intransitive		La sensación de tristeza y negación todavía atraviesan en nuestra familia	manual	Res Penentrantes.xlsx	TRISTEZA	C13
pen-tristeza-pe-0001	Res Longae Penetrantes	tristeza	PE	verbal-subject-transitive	atravesar	El dolor y la tristeza atravesaron los corazones de amigos y familiares de la extinta abogada	manual	Res Penentrantes.xlsx	TRISTEZA	B16
pen-tristeza-us-0001	Res Longae Penetrantes	tristeza	US	verbal-subject-transitive	atravesar	nos atraviesa la tristeza y la impotencia	manual	Res Penentrantes.xlsx	TRISTEZA	B22
pen-tristeza-us-0002	Res Longae Penetrantes	tristeza	US	verbal-subject-transitive	clavar	una tristeza que clava hondas sus uñas en mi espíritu y rasga una herida	manual	Res Penentrantes.xlsx	TRISTEZA	B22
pen-tristeza-us-0003	Res Longae Penetrantes	tristeza	US	verbal-subject-transitive	clavar	la separación de niños en la frontera es como una " espada de tristeza clavada en el corazón	manual	Res Penentrantes.xlsx	TRISTEZA	B22
pen-tristeza-us-0004	Res Longae Penetrantes	tristeza	US	verbal-subject-transitive	clavar	A la salvadoreña Lorena Cepeda la tristeza se le clavó en el rostro tan pronto supo que el gobierno de Trump canceló el Estatus	manual	Res Penentrantes.xlsx	TRISTEZA	B22
pen-tristeza-us-0005	Res Longae Penetrantes	tristeza	US	verbal-subject-intransitive	penetrar	hora veo a un ser gris y con una tristeza que te penetra el alma.	manual	Res Penentrantes.xlsx	TRISTEZA	C22
pen-tristeza-uy-0001	Res Longae Penetrantes	tristeza	UY	verbal-subject-intransitive	penetrar en	entender la tristeza que ha penetrado en el alma de Nadia Mura	manual	Res Penentrantes.xlsx	TRISTEZA	C20
pen-tristeza-ve-0001	Res Longae Penetrantes	tristeza	VE	verbal-subject-transitive	clavar	una tristeza que clava hondas sus uñas en mi espíritu y rasga una heri	manual	Res Penentrantes.xlsx	TRISTEZA	B21
pen-tristeza-ve-0002	Res Longae Penetrantes	tristeza	VE	attributive		todo lo que debimos ser, es una nostalgia, un tristeza hincada en nuestro espíritu	manual	Res Penentrantes.xlsx	TRISTEZA	F21
pen-tristeza-ve-0003	Res Longae Penetrantes	tristeza	VE	substantive		un puñal de tristeza clavado en todo el corazón,	manual	Res Penentrantes.xlsx	TRISTEZA	H21
pla-tristeza-ar-0001	Res Planae	tristeza	AR	attributive	llano	orre blanca no apunta a la angustia existencial, sino a la tristeza lisa y llana de los que sufren por culpa de otro	manual	Res Planae.xlsx	TRISTEZA	B2
pla-tristeza-es-0001	Res Planae	tristeza	ES	attributive	llano	hay simple y llana tristeza; tan humana	manual	Res Planae.xlsx	TRISTEZA	B10
rot-tristeza-ar-0001	Res Rotundae	tristeza	AR	substantive	bola de	Tenía una bola de tristeza y dolor en el estómago que no me lo sacaba nada	manual	Res Rotundae.xlsx	TRISTEZA	F2
